-- Generated CMS Data

INSERT INTO categories (id, slug, title, inspire) VALUES ('a24cd021-50f2-4169-a86a-82824dbf044d', 'economy', 'Economía', 'Impulsando el desarrollo regional.');
INSERT INTO categories (id, slug, title, inspire) VALUES ('92807399-a016-4909-af42-303e2e61fee2', 'magazine', 'Magazine', 'Cultura y entretención local.');
INSERT INTO categories (id, slug, title, inspire) VALUES ('29f66f20-69c6-4969-91ac-9600d3c133a1', 'police', 'Policial', 'Justicia y seguridad ciudadana.');
INSERT INTO categories (id, slug, title, inspire) VALUES ('2e93c7f5-5ada-4df7-b51a-be3ee0234577', 'region', 'Región', 'El corazón de Coquimbo.');
INSERT INTO categories (id, slug, title, inspire) VALUES ('0c4ea0b5-d43b-486d-8823-184a9f29fb98', 'sports', 'Deportes', 'Pasión en cada jugada.');
INSERT INTO categories (id, slug, title, inspire) VALUES ('237bc29b-b917-4bca-8c3f-8b65a4f7e997', 'trends', 'Tendencias', 'Lo que marca la pauta.');
INSERT INTO categories (id, slug, title, inspire) VALUES ('94532c0b-e343-4dbd-a0c3-d8a9878d981f', 'world', 'Mundo', 'Crónicas globales sin fronteras.');
INSERT INTO authors (id, slug, name, job, avatar, bio) VALUES ('2d0efa52-f90a-47b7-9032-2fcfda0bf19e', 'ahmed-khan', 'Ahmed Khan', 'Political Correspondent', '@assets/images/authors/ahmed-khan/avatar.jpg', 'Ahmed provides in-depth analysis on political developments worldwide.');
INSERT INTO author_socials (id, author_id, name, url, icon) VALUES ('e752fcc9-69c1-4c4e-80b9-0632fd392645', '2d0efa52-f90a-47b7-9032-2fcfda0bf19e', 'Twitter', 'https://twitter.com', 'twitter-icon.svg');
INSERT INTO authors (id, slug, name, job, avatar, bio) VALUES ('0ad3e792-43e6-4472-97dc-2032cc6e32a2', 'chloe-nguyen', 'Chloe Nguyen', 'Environmental Journalist', '@assets/images/authors/chloe-nguyen/avatar.jpg', 'Chloe reports on climate change, sustainability, and green innovations.');
INSERT INTO author_socials (id, author_id, name, url, icon) VALUES ('9b6da083-a59e-49c2-8568-a65b44b16180', '0ad3e792-43e6-4472-97dc-2032cc6e32a2', 'LinkedIn', 'https://linkedin.com/in/chloenguyen', 'linkedin-icon.svg');
INSERT INTO author_socials (id, author_id, name, url, icon) VALUES ('761dcf63-0f97-40cf-9865-6b48c876c956', '0ad3e792-43e6-4472-97dc-2032cc6e32a2', 'Twitter', 'https://twitter.com/chloenguyen', 'twitter-icon.svg');
INSERT INTO authors (id, slug, name, job, avatar, bio) VALUES ('acfdeaf9-fbf2-4adf-9ca3-37a5500d58c4', 'emily-devis', 'Emily Davis', 'Science Journalist', '@assets/images/authors/emily-devis/avatar.jpg', 'Emily writes about groundbreaking research in science and medicine.');
INSERT INTO author_socials (id, author_id, name, url, icon) VALUES ('5f5f0b0e-3c51-4a24-b566-f0d8370ef941', 'acfdeaf9-fbf2-4adf-9ca3-37a5500d58c4', 'LinkedIn', 'https://linkedin.com/in/emilydavis', 'linkedin-icon.svg');
INSERT INTO authors (id, slug, name, job, avatar, bio) VALUES ('8c861200-08c3-43d4-bf51-bdf5e7b36af3', 'jane-doe', 'Jane Doe', 'Investigative Journalist', '@assets/images/authors/jane-doe/avatar.jpg', 'Jane is an award-winning journalist specializing in investigative reporting on global issues.');
INSERT INTO author_socials (id, author_id, name, url, icon) VALUES ('d8542cb1-8bc9-4c6b-8827-c783b715c128', '8c861200-08c3-43d4-bf51-bdf5e7b36af3', 'Twitter', 'https://twitter.com/janedoe', 'twitter-icon.svg');
INSERT INTO author_socials (id, author_id, name, url, icon) VALUES ('876a4f56-efd9-4adf-8eb6-d7d8d26a6d05', '8c861200-08c3-43d4-bf51-bdf5e7b36af3', 'LinkedIn', 'https://linkedin.com/in/janedoe', 'linkedin-icon.svg');
INSERT INTO authors (id, slug, name, job, avatar, bio) VALUES ('f9993b1d-1aba-4bb7-9a65-dd1cf45bd6e8', 'john-smith', 'John Smith', 'Tech Writer', '@assets/images/authors/john-smith/avatar.jpg', 'John covers the latest advancements in technology and startups.');
INSERT INTO author_socials (id, author_id, name, url, icon) VALUES ('d26fa32f-be9d-43b9-aef2-d48f10bb701b', 'f9993b1d-1aba-4bb7-9a65-dd1cf45bd6e8', 'Twitter', 'https://twitter.com/johnsmith', 'twitter-icon.svg');
INSERT INTO author_socials (id, author_id, name, url, icon) VALUES ('05b2b85a-d6ca-45b8-b7eb-b0f92879c904', 'f9993b1d-1aba-4bb7-9a65-dd1cf45bd6e8', 'GitHub', 'https://github.com/johnsmith', 'github-icon.svg');
INSERT INTO authors (id, slug, name, job, avatar, bio) VALUES ('b0f02b69-ea18-454f-886f-a36e4421876f', 'liam-leonard', 'Liam Leonard', 'Sports Journalist', '@assets/images/authors/liam-leonard/avatar.jpg', 'Liam covers major sporting events and stories behind the games.');
INSERT INTO author_socials (id, author_id, name, url, icon) VALUES ('8e8e8fb2-655d-4409-b9d2-b4eb346e1499', 'b0f02b69-ea18-454f-886f-a36e4421876f', 'Twitter', 'https://twitter.com/liamsports', 'twitter-icon.svg');
INSERT INTO authors (id, slug, name, job, avatar, bio) VALUES ('87a13d99-0d7d-4ab9-9aeb-c741e474778d', 'maria-gonzalez', 'Maria Gonzalez', 'Travel Blogger & Journalist', '@assets/images/authors/maria-gonzalez/avatar.jpg', 'Maria explores the world, sharing stories from remote corners and hidden gems.');
INSERT INTO author_socials (id, author_id, name, url, icon) VALUES ('74332f2c-b03a-4f60-a5f3-299807a32d38', '87a13d99-0d7d-4ab9-9aeb-c741e474778d', 'Instagram', 'https://instagram.com/mariagonzalez', 'instagram-icon.svg');
INSERT INTO author_socials (id, author_id, name, url, icon) VALUES ('3edb0a39-042d-49b7-82f1-eec1f704d23b', '87a13d99-0d7d-4ab9-9aeb-c741e474778d', 'Facebook', 'https://facebook.com/mariagonzalez', 'facebook-icon.svg');
INSERT INTO authors (id, slug, name, job, avatar, bio) VALUES ('81fced68-d4a8-4c75-9822-e3f7a90e49bb', 'olivier-brown', 'Oliver Brown', 'Tech and Gaming Reporter', '@assets/images/authors/olivier-brown/avatar.jpg', 'Oliver writes reviews and in-depth analyses of the gaming industry.');
INSERT INTO author_socials (id, author_id, name, url, icon) VALUES ('f5db3c1b-028e-446a-b12e-578d8082c27e', '81fced68-d4a8-4c75-9822-e3f7a90e49bb', 'YouTube', 'https://youtube.com/olivergaming', 'youtube-icon.svg');
INSERT INTO author_socials (id, author_id, name, url, icon) VALUES ('2ddf19ce-7b05-44f8-8be8-862147471330', '81fced68-d4a8-4c75-9822-e3f7a90e49bb', 'Twitter', 'https://twitter.com/oliverbrown', 'twitter-icon.svg');
INSERT INTO authors (id, slug, name, job, avatar, bio) VALUES ('cc2d9252-e2f4-4347-b942-20b9a3292453', 'rajesh-patel', 'Rajesh Patel', 'Business and Finance Reporter', '@assets/images/authors/rajesh-patel/avatar.jpg', 'Rajesh analyzes financial trends and business innovations.');
INSERT INTO author_socials (id, author_id, name, url, icon) VALUES ('1ba0e288-0e77-41dc-a629-64b8da86db1e', 'cc2d9252-e2f4-4347-b942-20b9a3292453', 'Twitter', 'https://twitter.com/rajeshpatel', 'twitter-icon.svg');
INSERT INTO author_socials (id, author_id, name, url, icon) VALUES ('a23b36b8-c926-4547-bc65-52412ea0de31', 'cc2d9252-e2f4-4347-b942-20b9a3292453', 'LinkedIn', 'https://linkedin.com/in/rajeshpatel', 'linkedin-icon.svg');
INSERT INTO authors (id, slug, name, job, avatar, bio) VALUES ('1776b1f7-89a8-4c37-bd31-b601915d817b', 'sofia-martinez', 'Sofia Martinez', 'Arts and Culture Critic', '@assets/images/authors/sofia-martinez/avatar.jpg', 'Sofia critiques art, literature, and cultural events with a keen eye.');
INSERT INTO author_socials (id, author_id, name, url, icon) VALUES ('9a7fce1a-0cb8-4005-9957-c15b3442eca1', '1776b1f7-89a8-4c37-bd31-b601915d817b', 'Instagram', 'https://instagram.com/sofiaarts', 'instagram-icon.svg');
INSERT INTO articles (id, slug, title, description, cover, category_id, published_time, is_draft, is_main_headline, is_sub_headline, is_category_main_headline, is_category_sub_headline, content) VALUES (
                    '9deeed1e-0de2-416b-80ed-7c3659123214', 'agenda-cultural-alternativa', 'Agenda Cultural: Galerías y espacios alternativos', 'Una mirada a los artistas locales que están exponiendo sus obras en las galerías menos conocidas de La Serena.', 'https://cdn.elobservatodo.cl/sites/elobservatodo.cl/files/imagecache/opengraph/imagen_noticia/whatsapp_image_2026-01-14_at_16.29.30_2.jpeg', 
                    '92807399-a016-4909-af42-303e2e61fee2', 'Tue Jan 13 2026 21:00:00 GMT-0300 (Chile Summer Time)', 0, 
                    0, 0, 0, 
                    0, 'El arte en La Serena no solo se vive en los grandes teatros. Existe un circuito de galerías alternativas y espacios culturales independientes que ofrecen una mirada distinta.

Este artículo, al no tener banderas de titularidad activa, se reserva exclusivamente para los lectores que exploran la categoría de "Magazine", demostrando la jerarquización inteligente del contenido en nuestra plataforma.

Aquí revisamos el trabajo de tres artistas emergentes que están utilizando materiales reciclados para sus esculturas, una tendencia que ha crecido en la conurbación durante los últimos meses.
'
                );
INSERT INTO article_authors (article_id, author_id) VALUES ('9deeed1e-0de2-416b-80ed-7c3659123214', '8c861200-08c3-43d4-bf51-bdf5e7b36af3');
INSERT INTO articles (id, slug, title, description, cover, category_id, published_time, is_draft, is_main_headline, is_sub_headline, is_category_main_headline, is_category_sub_headline, content) VALUES (
                    '0a68c3fb-3856-4a9b-9075-7c5a5016aba5', 'breves-region-semana', 'Breves de la Región: Actividades comunitarias de la semana', 'Resumen de las actividades comunitarias menores que ocurrieron durante la semana en el centro de Coquimbo.', 'https://cdn.elobservatodo.cl/sites/elobservatodo.cl/files/imagecache/opengraph/imagen_noticia/sem_1.jpeg', 
                    '2e93c7f5-5ada-4df7-b51a-be3ee0234577', 'Tue Jan 13 2026 21:00:00 GMT-0300 (Chile Summer Time)', 0, 
                    0, 0, 0, 
                    0, 'Esta es una noticia de prueba para demostrar el comportamiento de los artículos que no son destacados. 

Según las reglas de Nexovisión, este artículo no debería aparecer en la página principal (Home), pero sí debería ser visible en la parte inferior de la sección de la categoría "Región", permitiendo una navegación mas profunda sin saturar la portada.

En esta sección se detallan las pequeñas ferias, reuniones de vecinos y avisos de utilidad pública que, aunque no son titulares nacionales o regionales de gran impacto, forman parte del tejido informativo local.
'
                );
INSERT INTO article_authors (article_id, author_id) VALUES ('0a68c3fb-3856-4a9b-9075-7c5a5016aba5', '1776b1f7-89a8-4c37-bd31-b601915d817b');
INSERT INTO articles (id, slug, title, description, cover, category_id, published_time, is_draft, is_main_headline, is_sub_headline, is_category_main_headline, is_category_sub_headline, content) VALUES (
                    '738d5d49-503b-423e-a1a9-77274a08315e', 'busqueda-turista-valle-elqui', 'Actualización búsqueda de turista: “Estamos trabajando arduamente para ubicarlo con vida”', 'Más de 30 rescatistas y equipos especializados continúan la búsqueda de un turista polaco en el Valle del Elqui.', 'https://diarioeldia-s3.cdn.net.ar/s3i233/2026/01/diarioeldia/images/02/43/60/2436048_6b0cd23b64d91fade912994d343309da62b80a1ac0575419b450826cc66af104/lg.webp?_v=v3-38', 
                    '2e93c7f5-5ada-4df7-b51a-be3ee0234577', 'Tue Jan 13 2026 21:00:00 GMT-0300 (Chile Summer Time)', 0, 
                    0, 0, 0, 
                    1, 'Carabineros entregó una actualización sobre las labores de búsqueda del turista de nacionalidad polaca extraviado en el sector cordillerano de Juntas del Toro, en el Valle del Elqui. El teniente coronel José Ramírez detalló el despliegue activo en la zona.

Las labores de rastreo se retomaron a las 05:00 horas con personal del GOPE, rescatistas del Socorro Andino y una patrulla del Ejército. Además, se cuenta con el apoyo de un dron para ampliar el rango de búsqueda en sectores de difícil acceso.

Los operativos se desarrollan durante las horas de luz natural y siempre que las condiciones climáticas lo permitan, considerando que el viento es la principal dificultad en alta montaña. Los excursionistas se registraron el 11 de enero con fecha de retorno el 14, lo que no ocurrió.

“Estamos trabajando arduamente para lograr ubicar a esta persona y encontrarla en buen estado y con vida”, enfatizó el oficial Ramírez.

https://www.youtube.com/watch?v=dQw4w9WgXcQ
'
                );
INSERT INTO article_authors (article_id, author_id) VALUES ('738d5d49-503b-423e-a1a9-77274a08315e', 'f9993b1d-1aba-4bb7-9a65-dd1cf45bd6e8');
INSERT INTO articles (id, slug, title, description, cover, category_id, published_time, is_draft, is_main_headline, is_sub_headline, is_category_main_headline, is_category_sub_headline, content) VALUES (
                    'a0d81bf5-6ca0-4e56-8b57-2ee8df907d08', 'carnaval-elquino-programacion', 'Alanis Lagos, Joe Vasconcellos y Alberto Plaza lideran parrilla: La programación del Carnaval Elquino 2026', 'Vicuña dio el vamos al Carnaval Elquino 2026 con Alanis Lagos, Joe Vasconcellos y Alberto Plaza en la parrilla.', 'https://diarioeldia-s3.cdn.net.ar/s3i233/2026/01/diarioeldia/images/02/43/60/2436048_6b0cd23b64d91fade912994d343309da62b80a1ac0575419b450826cc66af104/lg.webp?_v=v3-38', 
                    '2e93c7f5-5ada-4df7-b51a-be3ee0234577', 'Tue Jan 13 2026 21:00:00 GMT-0300 (Chile Summer Time)', 0, 
                    0, 0, 0, 
                    1, 'Vicuña dio el vamos oficial al Carnaval Elquino 2026, una de las celebraciones más tradicionales del Valle de Elqui, que este verano contará con una destacada parrilla artística encabezada por Alanis Lagos, Joe Vasconcellos y Alberto Plaza.

El lanzamiento oficial se realizó en la terraza del Hotel Terral y fue encabezado por el alcalde de Vicuña, Mario Aros Carvajal, junto a autoridades comunales y representantes de las corporaciones municipales.

La fiesta se extenderá por un mes con diversas actividades culturales, deportivas y territoriales, buscando consolidar a Vicuña como el epicentro del verano en el Valle de Elqui.

https://www.youtube.com/watch?v=dQw4w9WgXcQ
'
                );
INSERT INTO article_authors (article_id, author_id) VALUES ('a0d81bf5-6ca0-4e56-8b57-2ee8df907d08', '1776b1f7-89a8-4c37-bd31-b601915d817b');
INSERT INTO articles (id, slug, title, description, cover, category_id, published_time, is_draft, is_main_headline, is_sub_headline, is_category_main_headline, is_category_sub_headline, content) VALUES (
                    '5cafb80c-d9c5-42a6-8b7c-33e6625cd32c', 'chilemx-motocross-2026', 'La Serena proyecta un gran año tuerca con el lanzamiento del ChileMX 2026', 'El Campeonato Nacional de Motocross inició su temporada en el Faro Monumental, consolidando a la región como polo deportivo.', 'https://diarioeldia-s3.cdn.net.ar/s3i233/2026/01/diarioeldia/images/02/43/60/2436076_451e226440c4d04c39f3e5db07e094423f6404f76e9e2cafd624b047ff747711/lg.webp?_v=v3-38', 
                    '0c4ea0b5-d43b-486d-8823-184a9f29fb98', 'Tue Jan 13 2026 21:00:00 GMT-0300 (Chile Summer Time)', 0, 
                    0, 0, 0, 
                    1, 'Con un masivo marco de público y un espectáculo de alto nivel, ayer se realizó en el Faro Monumental de La Serena el lanzamiento oficial del Campeonato Nacional de Motocross Gran Nacional ChileMX 2026, dando inicio a una temporada inédita para el motociclismo chileno.

El ChileMX 2026 contempla ocho fechas oficiales en ocho regiones distintas del país. El lanzamiento en la Región de Coquimbo representó un hito sin precedentes, al ser la primera vez que el certamen se presenta oficialmente fuera de la zona central.

El gobernador regional, Cristóbal Juliá, valoró el impacto del evento: “Estamos muy contentos por la cantidad de gente que llegó y por cómo este tipo de actividades activa el sector turístico y comercial. Demuestra que en la región no todo es fútbol”.

Desde la organización, el productor general Patricio Cabrera destacó: “Queremos que La Serena se transforme en un epicentro del motorsport y en un semillero de grandes pilotos. 2026 se viene increíble”.

https://www.youtube.com/watch?v=dQw4w9WgXcQ
'
                );
INSERT INTO article_authors (article_id, author_id) VALUES ('5cafb80c-d9c5-42a6-8b7c-33e6625cd32c', 'cc2d9252-e2f4-4347-b942-20b9a3292453');
INSERT INTO articles (id, slug, title, description, cover, category_id, published_time, is_draft, is_main_headline, is_sub_headline, is_category_main_headline, is_category_sub_headline, content) VALUES (
                    '1499cfbe-f4cf-44e4-b56d-aba08668fec4', 'donacion-organos-la-serena', 'Donación de órganos en La Serena: dos decisiones que dieron vida a al menos nueve personas', 'La Región de Coquimbo se consolidó como la segunda con mayor tasa de donación de órganos en Chile durante 2025.', 'https://cdn.elobservatodo.cl/sites/elobservatodo.cl/files/imagecache/opengraph/imagen_noticia/2_49.jpeg', 
                    '237bc29b-b917-4bca-8c3f-8b65a4f7e997', 'Tue Jan 13 2026 21:00:00 GMT-0300 (Chile Summer Time)', 0, 
                    0, 0, 0, 
                    1, 'La donación de órganos es uno de los actos de mayor generosidad humana. En 2025, la Región de Coquimbo se consolidó como la segunda con mayor tasa de donación de órganos en Chile, con 15 procesos efectivos.

Dentro de ese contexto, dos procuramientos realizados en el Hospital de La Serena marcaron un punto de inflexión institucional y humano. Durante años, el recinto serenense contaba con equipos capacitados, pero no había logrado concretar donaciones efectivas.

Ese escenario cambió cuando, en medio de dos pérdidas inesperadas, familias optaron por transformar el dolor en una oportunidad de vida para otros. Estas decisiones permitieron que al menos nueve personas en lista de espera nacional recibieran los trasplantes necesarios para continuar sus vidas.

https://www.youtube.com/watch?v=dQw4w9WgXcQ
'
                );
INSERT INTO article_authors (article_id, author_id) VALUES ('1499cfbe-f4cf-44e4-b56d-aba08668fec4', '87a13d99-0d7d-4ab9-9aeb-c741e474778d');
INSERT INTO articles (id, slug, title, description, cover, category_id, published_time, is_draft, is_main_headline, is_sub_headline, is_category_main_headline, is_category_sub_headline, content) VALUES (
                    '7a9751a2-908b-4c48-9549-652fe2656936', 'luna-de-sangre-2026', 'Luna de Sangre, eclipses y estrellas fugaces: los imperdibles del calendario astronómico 2026', 'El 2026 traerá un intenso calendario astronómico con eclipses solares y lunares y la esperada Luna de Sangre.', 'https://diarioeldia-s3.cdn.net.ar/s3i233/2026/01/diarioeldia/images/02/43/62/2436228_494bc9137c0805b3aa6e765d7c122dc028ce9bc954876829eeb56ff46da8e1ab/lg.webp?_v=v3-38', 
                    '237bc29b-b917-4bca-8c3f-8b65a4f7e997', 'Thu Jan 08 2026 21:00:00 GMT-0300 (Chile Summer Time)', 0, 
                    0, 1, 1, 
                    0, 'El 2026 se perfila como un año imperdible para los amantes de la astronomía. Los próximos meses prometen aún más espectáculo, con eclipses, conjunciones planetarias y lluvias de meteoros que podrán observarse desde distintos puntos de Chile.

El año comenzará con una intensa actividad celeste. Enero abrirá el calendario con la primera Luna llena el día 3, seguida por la lluvia de meteoros Cuadrántidas. A ello se suma la oposición de Júpiter el 10 de enero, instancia ideal para observar al gigante gaseoso.

No obstante, los fenómenos más esperados llegarán durante el primer trimestre. El 17 de febrero se producirá un eclipse solar parcial, mientras que el 3 de marzo el cielo regalará un eclipse lunar total, conocido popularmente como “Luna de Sangre”.

Las lluvias de estrellas también tendrán un rol protagónico. Destacan las Líridas en abril, las Eta Acuáridas en mayo y las Delta Acuáridas del Sur en julio. El ciclo se cerrará en diciembre con las famosas Gemínidas.

https://www.youtube.com/watch?v=dQw4w9WgXcQ
'
                );
INSERT INTO article_authors (article_id, author_id) VALUES ('7a9751a2-908b-4c48-9549-652fe2656936', '87a13d99-0d7d-4ab9-9aeb-c741e474778d');
INSERT INTO articles (id, slug, title, description, cover, category_id, published_time, is_draft, is_main_headline, is_sub_headline, is_category_main_headline, is_category_sub_headline, content) VALUES (
                    '5db364e1-c64b-4c4d-b0a1-da8f5f7fa3db', 'mini-tsunami-argentina', '"Mini tsunami": Un muerto y más de 30 heridos tras impacto de ola de 5 metros en playa de Argentina', 'Una persona murió y 35 resultaron heridas tras el impacto de una ola gigante en Santa Clara del Mar.', 'https://diarioeldia-s3.cdn.net.ar/s3i233/2025/03/diarioeldia/images/01/60/91/1609126_7ecb970a2ec5682bda697161907236b4d98824fda0d7246157812b57c88a47c1/lg.webp?_v=v3-38', 
                    '94532c0b-e343-4dbd-a0c3-d8a9878d981f', 'Mon Jan 12 2026 21:00:00 GMT-0300 (Chile Summer Time)', 0, 
                    1, 0, 1, 
                    0, 'Una persona murió y 35 personas resultaron heridas al ser arrastradas este lunes por una ola de entre 5 y 6 metros que por sorpresa impactó en una playa de la localidad bonaerense de Santa Clara del Mar (Argentina), sobre aguas del Atlántico. Medios locales lo catalogaron como un “mini tsunami”.

El evento se registró en horas de la tarde, en momentos en que la playa estaba colmada de turistas, cuando una fuerte ola, según los testigos, tomó por sorpresa a las personas y las arrastró con violencia.

Fuentes del Ministerio de Seguridad de la provincia de Buenos Aires confirmaron que una persona falleció tras ser impactada por la ola en la playa de Santa Clara del Mar, localidad turística ubicada a 386 kilómetros al sur de la capital argentina.

Medios locales informaron que la víctima fatal es un joven turista que se golpeó contra unas rocas al ser arrastrado por las aguas. Por el fenómeno en el mar, cuyas causas aún se desconocen, resultaron afectadas otras 35 personas, con heridas leves en su mayoría.

Las playas fueron evacuadas en forma preventiva. En la vecina ciudad de Mar del Plata también se registraron olas inusualmente grandes.

https://www.youtube.com/watch?v=dQw4w9WgXcQ
'
                );
INSERT INTO article_authors (article_id, author_id) VALUES ('5db364e1-c64b-4c4d-b0a1-da8f5f7fa3db', '1776b1f7-89a8-4c37-bd31-b601915d817b');
INSERT INTO articles (id, slug, title, description, cover, category_id, published_time, is_draft, is_main_headline, is_sub_headline, is_category_main_headline, is_category_sub_headline, content) VALUES (
                    '131e9db0-f34b-4c31-8ee8-a6996bdbc9a2', 'orquesta-camara-guayacan', 'Orquesta de Cámara de Guayacán ofrecerá inédito concierto a bordo del “Holandés Errante” en Coquimbo', 'El espectáculo se realizará este domingo y reunirá música inspirada en Piratas del Caribe en la bahía de Coquimbo.', 'https://diarioeldia-s3.cdn.net.ar/s3i233/2026/01/diarioeldia/images/02/43/62/2436297_4fed91e53f4064f47ffa97650f0d3301bb96ed5b7ab8c67d0941d632bbba2683/lg.webp?_v=v3-38', 
                    '2e93c7f5-5ada-4df7-b51a-be3ee0234577', 'Tue Jan 13 2026 21:00:00 GMT-0300 (Chile Summer Time)', 0, 
                    0, 1, 1, 
                    0, 'Un hito cultural inédito vivirá la conurbación este domingo 18 de enero, cuando la Orquesta de Cámara de Guayacán realice un concierto a bordo de la embarcación “El Holandés Errante”, iniciativa pionera en la Región de Coquimbo que unirá música, patrimonio y turismo en un solo espectáculo.

Así lo explicó Luciano Urén, coordinador de la Orquesta quien detalló que el zarpe está programado para las 18:30 horas, mientras que el público deberá presentarse a las 18:00 horas para el proceso de embarque. “Esta iniciativa nace gracias a un convenio de colaboración entre Radio Guayacán y la embarcación del Holandés Errante”, señaló.

El repertorio será interpretado por niñas, niños y jóvenes que integran la Orquesta de Cámara de Guayacán, provenientes principalmente del sector. Según explicó Urén, se trata de un programa trabajado durante todo el año formativo 2025, que marca el inicio oficial de la temporada de conciertos de verano 2026.

La música tendrá una duración aproximada de 45 minutos, mientras que el recorrido completo se extenderá por cerca de dos horas, incluyendo un trayecto por la bahía de Coquimbo y un espectáculo temático a bordo.

https://www.youtube.com/watch?v=dQw4w9WgXcQ
'
                );
INSERT INTO article_authors (article_id, author_id) VALUES ('131e9db0-f34b-4c31-8ee8-a6996bdbc9a2', 'f9993b1d-1aba-4bb7-9a65-dd1cf45bd6e8');
INSERT INTO articles (id, slug, title, description, cover, category_id, published_time, is_draft, is_main_headline, is_sub_headline, is_category_main_headline, is_category_sub_headline, content) VALUES (
                    '6fb4bacb-9a39-4cda-9387-cb316c0fc8be', 'percusion-teatro-vicuna', 'TA! Otra Percusión llenó de ritmo el Teatro Municipal de Vicuña', 'Vibrante jornada cultural en el Teatro Municipal de Vicuña con la presentación del dúo TA! Otra Percusión.', 'https://cdn.elobservatodo.cl/sites/elobservatodo.cl/files/imagecache/opengraph/imagen_noticia/whatsapp_image_2026-01-14_at_16.29.30_2.jpeg', 
                    '92807399-a016-4909-af42-303e2e61fee2', 'Tue Jan 13 2026 21:00:00 GMT-0300 (Chile Summer Time)', 0, 
                    0, 0, 1, 
                    0, 'El Teatro Municipal de Vicuña fue escenario de una vibrante jornada cultural con la presentación de TA! Otra Percusión, dúo que llegó a la comuna con su espectáculo “TA!La”, una propuesta musical innovadora que combina ritmo, creatividad y una estrecha conexión con el público.

El espectáculo destacó por su lenguaje escénico contemporáneo y su capacidad de construir atmósferas sonoras diversas a través de distintos momentos musicales. Mediante la percusión y la interacción directa con las y los asistentes, el dúo logró generar una experiencia dinámica y envolvente.

SKA, integrante del dúo, señaló que “nos encanta empezar el 2026 tocando acá. Este último espectáculo, al ser de música latinoamericana, tiene un poco de esta tierra, de estos árboles, de este sol. Es muy importante para nosotros comenzar el año aquí”.

https://www.youtube.com/watch?v=dQw4w9WgXcQ
'
                );
INSERT INTO article_authors (article_id, author_id) VALUES ('6fb4bacb-9a39-4cda-9387-cb316c0fc8be', '8c861200-08c3-43d4-bf51-bdf5e7b36af3');
INSERT INTO articles (id, slug, title, description, cover, category_id, published_time, is_draft, is_main_headline, is_sub_headline, is_category_main_headline, is_category_sub_headline, content) VALUES (
                    'a56473d6-f006-4cd0-a6fe-b2ca1d00a938', 'queen-sinfonico-la-serena', 'Queen Sinfónico llega a La Serena con un show que une rock y talento local', 'El próximo 24 de enero el Coliseo Monumental será escenario de un tributo sinfónico al legado de Queen.', 'https://diarioeldia-s3.cdn.net.ar/s3i233/2026/01/diarioeldia/images/02/43/58/2435873_cb0ad6f7cd002c2f667e1c07afb9583be7b011fb5c07a1ddb7b23287380d181e/lg.webp?_v=v3-38', 
                    '92807399-a016-4909-af42-303e2e61fee2', 'Mon Jan 12 2026 21:00:00 GMT-0300 (Chile Summer Time)', 0, 
                    0, 0, 0, 
                    1, 'El próximo 24 de enero, a las 20:00 horas, en el Coliseo Monumental de La Serena será el escenario donde el legado de Queen cobrará vida en un tributo sinfónico. El espectáculo promete ser una experiencia única e irrepetible.

Vive Queen Sinfónico presenta versiones renovadas de los grandes himnos de la banda británica, cuidadosamente adaptadas al lenguaje sinfónico. Canciones icónicas como Bohemian Rhapsody, We Will Rock You y We Are the Champions cobran una nueva vida gracias a arreglos sinfónicos originales.

Los arreglos y la dirección musical están a cargo del maestro Eduardo Gajardo Schmidlin, quien ha creado una propuesta que respeta la esencia original de Queen, incorporando nuevas capas de profundidad y emoción.

El espectáculo contará con la participación de destacados artistas invitados, encabezados por la voz de Juan Pablo Bañares, “El Jota”, semifinalista de Got Talent Chile 2024. Acompañan el Coro y la Orquesta Sinfónica del Centro de Innovación Musical La Serena.

https://www.youtube.com/watch?v=dQw4w9WgXcQ
'
                );
INSERT INTO article_authors (article_id, author_id) VALUES ('a56473d6-f006-4cd0-a6fe-b2ca1d00a938', '8c861200-08c3-43d4-bf51-bdf5e7b36af3');
INSERT INTO articles (id, slug, title, description, cover, category_id, published_time, is_draft, is_main_headline, is_sub_headline, is_category_main_headline, is_category_sub_headline, content) VALUES (
                    '95e14c05-2cb4-4497-a007-185679497f2e', 'semaforos-coquimbo-la-serena', 'Integración de 21 cruces semaforizados mejora la movilidad en Coquimbo y La Serena', 'Menores tiempos de desplazamiento y gestión en tiempo real son los resultados de la integración de 21 semáforos en la conurbación.', 'https://cdn.elobservatodo.cl/sites/elobservatodo.cl/files/imagecache/opengraph/imagen_noticia/sem_1.jpeg', 
                    '2e93c7f5-5ada-4df7-b51a-be3ee0234577', 'Tue Jan 13 2026 21:00:00 GMT-0300 (Chile Summer Time)', 0, 
                    0, 1, 1, 
                    0, 'Menores tiempos de desplazamiento, mayor seguridad vial y una gestión del tránsito en tiempo real son los principales resultados del proyecto de normalización e integración de semáforos desarrollado por la Unidad Operativa de Control de Tránsito (UOCT) en la conurbación Coquimbo–La Serena.

La iniciativa permitió incorporar 21 cruces semaforizados al sistema de control centralizado de la UOCT, fortaleciendo la coordinación entre intersecciones ubicadas en ejes estructurantes y sectores de alta circulación vehicular y peatonal. Con esta incorporación, la conurbación alcanza un 86% de sus semáforos conectados.

El proyecto consideró no solo la conexión tecnológica, sino también la modernización de los equipos, incluyendo cámaras de control de tránsito y sistemas de respaldo energético para asegurar la operatividad ante cortes de luz.

https://www.youtube.com/watch?v=dQw4w9WgXcQ
'
                );
INSERT INTO article_authors (article_id, author_id) VALUES ('95e14c05-2cb4-4497-a007-185679497f2e', '1776b1f7-89a8-4c37-bd31-b601915d817b');
INSERT INTO articles (id, slug, title, description, cover, category_id, published_time, is_draft, is_main_headline, is_sub_headline, is_category_main_headline, is_category_sub_headline, content) VALUES (
                    'b074f90e-2da8-4236-b3ba-e867277a1870', 'vehiculos-robados-coquimbo', 'Dos vehículos robados fueron recuperados en Coquimbo tras intensos operativos de Carabineros', 'Carabineros ha recuperado una veintena de vehículos en lo que va del año mediante operativos de investigación.', 'https://diarioeldia-s3.cdn.net.ar/s3i233/2026/01/diarioeldia/images/02/43/40/2434006_88bad2c00022b6b3b94d4957b2bd7546b6e61f3a46000af53590f293dcf35c20/lg.webp?_v=v3-38', 
                    '29f66f20-69c6-4969-91ac-9600d3c133a1', 'Tue Jan 13 2026 21:00:00 GMT-0300 (Chile Summer Time)', 0, 
                    0, 0, 0, 
                    1, 'Intenso e imparable ha sido el trabajo de Carabineros en la región de Coquimbo, para recuperar vehículos robados en distintas partes del país. La policía uniformada ya ha recuperado una veintena de vehículos en lo que va del año, con un promedio de dos móviles por día.

Los más recientes fueron el resultado de un despliegue encabezado por la SIP de la Segunda Comisaría Coquimbo, quienes localizaron en la Parte Alta de la ciudad una moto que mantenía encargo desde agosto de 2024. El móvil fue incautado, mientras que la mujer que lo manipulaba fue detenida.

Apenas un par de horas más tarde, en la ruta 5 con La Cantera, los carabineros de civil detectaron un vehículo sospechoso, confirmando que mantenía encargo por robo desde noviembre de 2025. Se procedió a la detención del conductor, un hombre de 33 años con antecedentes por tráfico de drogas.

https://www.youtube.com/watch?v=dQw4w9WgXcQ
'
                );
INSERT INTO article_authors (article_id, author_id) VALUES ('b074f90e-2da8-4236-b3ba-e867277a1870', '2d0efa52-f90a-47b7-9032-2fcfda0bf19e');
INSERT INTO articles (id, slug, title, description, cover, category_id, published_time, is_draft, is_main_headline, is_sub_headline, is_category_main_headline, is_category_sub_headline, content) VALUES (
                    '9b89d2bf-99a5-4c00-afb7-186b43225d21', 'verano-deportes-tierras-blancas', '“Verano de Diversión y Deportes”: recreación gratuita recorre Tierras Blancas en enero', 'Deporte y recreación gratuita recorre los barrios de Tierras Blancas durante enero para disfrutar en familia.', 'https://cdn.elobservatodo.cl/sites/elobservatodo.cl/files/imagecache/opengraph/imagen_noticia/foto_5_6.jpeg', 
                    '0c4ea0b5-d43b-486d-8823-184a9f29fb98', 'Tue Jan 13 2026 21:00:00 GMT-0300 (Chile Summer Time)', 0, 
                    0, 0, 0, 
                    1, 'Cuando las vacaciones llegan pero el viaje no, el barrio se transforma en el principal punto de encuentro. Bajo esa premisa, Tierras Blancas se prepara para un enero marcado por el deporte, la recreación y la vida en comunidad.

Las actividades están pensadas para disfrutar en familia y al aire libre, con el objetivo de fomentar la actividad física y el buen uso del tiempo libre en los sectores más poblados de Coquimbo.

El programa incluye juegos inflables, monitores deportivos y actividades con agua para paliar las altas temperaturas del verano, recorriendo distintos puntos estratégicos del sector para acercar la diversión a la puerta de los hogares de los vecinos.

https://www.youtube.com/watch?v=dQw4w9WgXcQ
'
                );
INSERT INTO article_authors (article_id, author_id) VALUES ('9b89d2bf-99a5-4c00-afb7-186b43225d21', 'cc2d9252-e2f4-4347-b942-20b9a3292453');
